attack_mode,attack,level,dt_level,mal_nodes,method,seed,tau_gate,lambda_m,ref_size,audit_size,skipped,skip_reason,polluted_acc,polluted_f1,clean_acc,clean_f1,delta_f1,w_mal,w_mal_round_mean,S_DT,S_DT_ratio,valid_ratio,fallback_rate,fallback_flag_first,fallback_flag_final,fallback_method,skip_semantic,num_masked,num_valid,benign_pass_rate,malicious_pass_rate,benign_admitted_weight_mass,uses_dt,method_detail,rep_config,mimic_loss,poison_loss,final_kl_to_teacher,exp_group
label_flip,label_flip,L1,D0,5,weighted,0,0.7,0.0,128,0,False,,0.6236308813095093,0.5734329104753297,0.805524468421936,0.7602672211010175,0.18683431062568778,0.07993822187903964,0.13253884895364712,74.78336334228516,0.5842450261116028,0.5859375,0.0,0.0,0.0,none,0,53.0,75.0,0.0,0.0,0.8674611510463528,False,weighted,"R2,R4",nan,nan,nan,base
label_flip,label_flip,L1,D0,5,weighted,1,0.7,0.0,128,0,False,,0.5965975522994995,0.5336954423416266,0.7595185041427612,0.6949871939961859,0.16129175165455933,0.24657255502073028,0.2202341596085923,91.8355484008789,0.7174652218818665,0.71875,0.0,0.0,0.0,none,0,36.0,92.0,0.0,0.0,0.7797658403914077,False,weighted,"R2,R4",nan,nan,nan,base
label_flip,label_flip,L1,D0,5,weighted,2,0.7,0.0,128,0,False,,0.6073176264762878,0.5591785175386332,0.7895669937133789,0.7409840045593056,0.18180548702067234,0.15459102017071394,0.1561158596833893,76.78043365478516,0.599847137928009,0.6015625,0.0,0.0,0.0,none,0,51.0,77.0,0.05333333333333334,0.0,0.8438841403166106,False,weighted,"R2,R4",nan,nan,nan,base
label_flip,label_flip,L1,D0,5,weighted,3,0.7,0.0,128,0,False,,0.6061524152755737,0.5571791568715918,0.7878872752189636,0.7370715087090929,0.17989235183750107,0.07701911458025008,0.10861585863935273,86.77936553955078,0.6779637932777405,0.6796875,0.0,0.0,0.0,none,0,41.0,87.0,0.0,0.0,0.8913841413606473,False,weighted,"R2,R4",nan,nan,nan,base
label_flip,label_flip,L1,D0,5,weighted,4,0.7,0.0,128,0,False,,0.6185038685798645,0.5607449436557038,0.8017917275428772,0.7511007180645255,0.19035577440882168,0.09269174584453688,0.17118216902053388,82.8746337890625,0.6474580764770508,0.6484375,0.0,0.0,0.0,none,0,45.0,83.0,0.0,0.0,0.828817830979466,False,weighted,"R2,R4",nan,nan,nan,base
label_flip,label_flip,L1,D0,5,weighted_r4only,0,0.7,0.0,128,0,False,,0.5975297093391418,0.5120481146287011,0.7544792890548706,0.6703717050650395,0.15832359043633837,0.19655245242170022,0.2318357220621092,74.78336334228516,0.5842450261116028,0.5859375,0.0,0.0,0.0,none,0,53.0,75.0,0.0,0.0,0.7681642779378908,False,weighted,R4,nan,nan,nan,base
label_flip,label_flip,L1,D0,5,weighted_r4only,1,0.7,0.0,128,0,False,,0.4369610846042633,0.30513474964320353,0.34761103987693787,0.2579461256143772,-0.04718862402882634,0.2451784980053424,0.24119933952753683,91.8355484008789,0.7174652218818665,0.71875,0.0,0.0,0.0,none,0,36.0,92.0,0.0,0.0,0.7588006604724631,False,weighted,R4,nan,nan,nan,base
label_flip,label_flip,L1,D0,5,weighted_r4only,2,0.7,0.0,128,0,False,,0.5975297093391418,0.5380263337609716,0.7741694450378418,0.7137254313202634,0.1756990975592918,0.23612494783491667,0.23841294813709643,76.78043365478516,0.599847137928009,0.6015625,0.0,0.0,0.0,none,0,51.0,77.0,0.0,0.0,0.7615870518629035,False,weighted,R4,nan,nan,nan,base
label_flip,label_flip,L1,D0,5,weighted_r4only,3,0.7,0.0,128,0,False,,0.5732929110527039,0.44517255583091586,0.697741687297821,0.5425942780667545,0.09742172223583867,0.20956808047627626,0.2142206115330624,86.77936553955078,0.6779637932777405,0.6796875,0.0,0.0,0.0,none,0,41.0,87.0,0.0,0.0,0.7857793884669377,False,weighted,R4,nan,nan,nan,base
label_flip,label_flip,L1,D0,5,weighted_r4only,4,0.7,0.0,128,0,False,,0.4793754518032074,0.45212401879337416,0.445035457611084,0.4340796331036253,-0.018044385689748865,0.2522354281059145,0.2733359322282963,82.8746337890625,0.6474580764770508,0.6484375,0.0,0.0,0.0,none,0,45.0,83.0,0.0,0.0,0.7266640677717039,False,weighted,R4,nan,nan,nan,base
stealth_amp,stealth_amp,,D0,5,weighted,0,0.7,0.0,128,0,False,,0.809135377407074,0.7738970066671211,0.8100970387458801,0.770803483713912,-0.0030935229532090824,3.078613845712877e-10,0.02300244152078754,81.78755187988281,0.6389652490615845,0.640625,0.0,0.0,0.0,none,0,46.0,82.0,0.17333333333333334,0.0,0.9769975584792124,False,weighted,"R2,R4",nan,nan,nan,base
stealth_amp,stealth_amp,,D0,5,weighted,1,0.7,0.0,128,0,False,,0.8086693286895752,0.7714303714095615,0.8029115200042725,0.7613040333491645,-0.010126338060396978,3.957099791662317e-10,0.044237090807479985,93.74921417236328,0.7324157357215881,0.734375,0.0,0.0,0.0,none,0,34.0,94.0,0.04,0.0,0.9557629091925202,False,weighted,"R2,R4",nan,nan,nan,base
stealth_amp,stealth_amp,,D0,5,weighted,2,0.7,0.0,128,0,False,,0.8093684315681458,0.7721117982737579,0.8048712015151978,0.7665216120942953,-0.005590186179462608,3.7522794691688276e-10,0.025509119589919863,81.73208618164062,0.6385319232940674,0.640625,0.0,0.0,0.0,none,0,46.0,82.0,0.18666666666666665,0.0,0.97449088041008,False,weighted,"R2,R4",nan,nan,nan,base
stealth_amp,stealth_amp,,D0,5,weighted,3,0.7,0.0,128,0,False,,0.8063388466835022,0.7694714742180992,0.8011384606361389,0.7589517334107521,-0.010519740807347189,2.0541992730757588e-10,0.025382357909165112,88.71661376953125,0.6930985450744629,0.6953125,0.0,0.0,0.0,none,0,39.0,89.0,0.12000000000000001,0.0,0.9746176420908349,False,weighted,"R2,R4",nan,nan,nan,base
stealth_amp,stealth_amp,,D0,5,weighted,4,0.7,0.0,128,0,False,,0.8005126714706421,0.7586555818024208,0.801978349685669,0.7611162479696765,0.0024606661672557095,4.639581154074088e-10,0.02877992609632183,84.79580688476562,0.6624672412872314,0.6640625,0.0,0.0,0.0,none,0,43.0,85.0,0.24000000000000002,0.0,0.9712200739036779,False,weighted,"R2,R4",nan,nan,nan,base
stealth_amp,stealth_amp,,D0,5,weighted_r4only,0,0.7,0.0,128,0,False,,0.8100675940513611,0.7746073264174744,0.8124300241470337,0.7734711546223101,-0.0011361717951643424,4.1160866852756225e-07,0.030402170279255274,81.78755187988281,0.6389652490615845,0.640625,0.0,0.0,0.0,none,0,46.0,82.0,0.17333333333333334,0.0,0.9695978297207446,False,weighted,R4,nan,nan,nan,base
stealth_amp,stealth_amp,,D0,5,weighted_r4only,1,0.7,0.0,128,0,False,,0.808902382850647,0.7713483262886505,0.8044979572296143,0.7631582786911175,-0.008190047597532946,4.2688291738798785e-07,0.04517460721583444,93.74921417236328,0.7324157357215881,0.734375,0.0,0.0,0.0,none,0,34.0,94.0,0.04,0.0,0.9548253927841656,False,weighted,R4,nan,nan,nan,base
stealth_amp,stealth_amp,,D0,5,weighted_r4only,2,0.7,0.0,128,0,False,,0.8093684315681458,0.771699381161933,0.8062710165977478,0.7676692939195311,-0.004030087242401947,5.024740413701567e-07,0.03339572012784937,81.73208618164062,0.6385319232940674,0.640625,0.0,0.0,0.0,none,0,46.0,82.0,0.18666666666666665,0.0,0.9666042798721507,False,weighted,R4,nan,nan,nan,base
stealth_amp,stealth_amp,,D0,5,weighted_r4only,3,0.7,0.0,128,0,False,,0.8077371120452881,0.7720415825975576,0.804684579372406,0.7642711014315706,-0.007770481165986998,2.0173313273112774e-07,0.036606114976854655,88.71661376953125,0.6930985450744629,0.6953125,0.0,0.0,0.0,none,0,39.0,89.0,0.2,0.0,0.9633938850231452,False,weighted,R4,nan,nan,nan,base
stealth_amp,stealth_amp,,D0,5,weighted_r4only,4,0.7,0.0,128,0,False,,0.8002796769142151,0.7584303500941221,0.8009518384933472,0.759631407794247,0.0012010577001249079,7.489772492308824e-07,0.03231055080175956,84.79580688476562,0.6624672412872314,0.6640625,0.0,0.0,0.0,none,0,43.0,85.0,0.2533333333333333,0.0,0.9676894491982403,False,weighted,R4,nan,nan,nan,base
dt_logit_scale,dt_logit_scale,,D0,5,weighted,0,0.7,0.0,128,0,False,,0.8107666969299316,0.7758783494497234,0.8100037574768066,0.7709681455803619,-0.004910203869361585,0.018466247555921803,0.16534270447285235,81.78755187988281,0.6389652490615845,0.640625,0.0,0.0,0.0,none,0,46.0,82.0,0.2533333333333333,0.013333333333333334,0.8346572955271475,False,weighted,"R2,R4",nan,nan,nan,base
dt_logit_scale,dt_logit_scale,,D0,5,weighted,1,0.7,0.0,128,0,False,,0.7986483573913574,0.75640002649217,0.792273223400116,0.7439834355334813,-0.012416590958688634,0.10123917013952535,0.2888370598007565,93.74921417236328,0.7324157357215881,0.734375,0.0,0.0,0.0,none,0,34.0,94.0,0.0,0.0,0.7111629401992434,False,weighted,"R2,R4",nan,nan,nan,base
dt_logit_scale,dt_logit_scale,,D0,5,weighted,2,0.7,0.0,128,0,False,,0.8077371120452881,0.793136314845436,0.8094438314437866,0.7948953268489654,0.0017590120035293477,0.12809393474091146,0.17936003590025745,81.73208618164062,0.6385319232940674,0.640625,0.0,0.0,0.0,none,0,46.0,82.0,0.26666666666666666,0.0,0.8206399640997426,False,weighted,"R2,R4",nan,nan,nan,base
dt_logit_scale,dt_logit_scale,,D0,5,weighted,3,0.7,0.0,128,0,False,,0.7946865558624268,0.7473101364072372,0.7920866012573242,0.738968765135076,-0.008341371272161169,0.09785332942574893,0.245252819250825,88.71661376953125,0.6930985450744629,0.6953125,0.0,0.0,0.0,none,0,39.0,89.0,0.06666666666666667,0.0,0.754747180749175,False,weighted,"R2,R4",nan,nan,nan,base
dt_logit_scale,dt_logit_scale,,D0,5,weighted,4,0.7,0.0,128,0,False,,0.826147735118866,0.8091961299023895,0.8248413801193237,0.807181949293051,-0.002014180609338556,0.1675061792783325,0.21058059591927278,84.79580688476562,0.6624672412872314,0.6640625,0.0,0.0,0.0,none,0,43.0,85.0,0.3333333333333333,0.14666666666666664,0.7894194040807272,False,weighted,"R2,R4",nan,nan,nan,base
dt_logit_scale,dt_logit_scale,,D0,5,weighted_r4only,0,0.7,0.0,128,0,False,,0.7657888531684875,0.6970472600663651,0.7765024304389954,0.7092089497735228,0.012161689707157697,0.11358554072585116,0.24628286669087618,81.78755187988281,0.6389652490615845,0.640625,0.0,0.0,0.0,none,0,46.0,82.0,0.0,0.0,0.7537171333091239,False,weighted,R4,nan,nan,nan,base
dt_logit_scale,dt_logit_scale,,D0,5,weighted_r4only,1,0.7,0.0,128,0,False,,0.7928221821784973,0.7436062002050413,0.7858342528343201,0.7302898482486984,-0.013316351956342953,0.13674702329831975,0.30503167321201147,93.74921417236328,0.7324157357215881,0.734375,0.0,0.0,0.0,none,0,34.0,94.0,0.0,0.0,0.6949683267879885,False,weighted,R4,nan,nan,nan,base
dt_logit_scale,dt_logit_scale,,D0,5,weighted_r4only,2,0.7,0.0,128,0,False,,0.774877667427063,0.710376622338067,0.7725830674171448,0.7062916766828573,-0.004084945655209671,0.10800673484701849,0.2874167373077386,81.73208618164062,0.6385319232940674,0.640625,0.0,0.0,0.0,none,0,46.0,82.0,0.0,0.0,0.7125832626922614,False,weighted,R4,nan,nan,nan,base
dt_logit_scale,dt_logit_scale,,D0,5,weighted_r4only,3,0.7,0.0,128,0,False,,0.7655557990074158,0.6968328582002642,0.7663307189941406,0.6923087931347784,-0.0045240650654857495,0.12176156777535624,0.2956046260825745,88.71661376953125,0.6930985450744629,0.6953125,0.0,0.0,0.0,none,0,39.0,89.0,0.0,0.0,0.7043953739174256,False,weighted,R4,nan,nan,nan,base
dt_logit_scale,dt_logit_scale,,D0,5,weighted_r4only,4,0.7,0.0,128,0,False,,0.8007457256317139,0.7507367719894051,0.8024449348449707,0.751842242013525,0.00110547002411987,0.19036065018698084,0.32436477016366394,84.79580688476562,0.6624672412872314,0.6640625,0.0,0.0,0.0,none,0,43.0,85.0,0.14666666666666667,0.0,0.675635229836336,False,weighted,R4,nan,nan,nan,base
